[
  {
    "id": "C001",
    "studentId": 72,
    "studentName": "Aarav Sharma",
    "title": "WiFi connectivity issues in library",
    "category": "Facility",
    "description": "The WiFi connection in the main library is very slow and frequently disconnects, making it difficult to access online resources for research and assignments.",
    "status": "Pending",
    "assignedTo": null,
    "assignedFacultyName": null,
    "reply": "",
    "createdAt": "2024-01-15T10:30:00Z",
    "updatedAt": "2024-01-15T10:30:00Z",
    "attachments": []
  },
  {
    "id": "C002",
    "studentId": 83,
    "studentName": "Ananya Singh",
    "title": "Lab equipment malfunction in ECE Lab",
    "category": "Facility",
    "description": "The oscilloscope in Electronics Lab 2 is not working properly. The display shows incorrect readings which affects our practical work and experiments.",
    "status": "In-progress",
    "assignedTo": 22,
    "assignedFacultyName": "Prof. Ravi Kumar",
    "reply": "We have contacted the technical team to inspect the equipment. The oscilloscope will be repaired by tomorrow morning.",
    "createdAt": "2024-01-14T14:20:00Z",
    "updatedAt": "2024-01-15T09:15:00Z",
    "attachments": []
  },
  {
    "id": "C003",
    "studentId": 74,
    "studentName": "Arjun Kumar",
    "title": "Exam schedule conflict",
    "category": "Academic",
    "description": "My Data Structures and Computer Networks exams are scheduled at the same time on March 15th. Please help resolve this scheduling conflict.",
    "status": "Resolved",
    "assignedTo": 12,
    "assignedFacultyName": "Prof. Anand Kumar",
    "reply": "The exam schedule has been updated. Your Computer Networks exam has been moved to March 16th at 2 PM. Please check the updated schedule on the portal.",
    "createdAt": "2024-01-13T11:45:00Z",
    "updatedAt": "2024-01-14T16:30:00Z",
    "attachments": []
  },
  {
    "id": "C004",
    "studentId": 102,
    "studentName": "Akash Sharma",
    "title": "Hostel room AC not working",
    "category": "Hostel",
    "description": "The air conditioning unit in my hostel room (Block A, Room 205) has not been working for the past 3 days. It's very uncomfortable during the hot weather.",
    "status": "Pending",
    "assignedTo": null,
    "assignedFacultyName": null,
    "reply": "",
    "createdAt": "2024-01-16T08:15:00Z",
    "updatedAt": "2024-01-16T08:15:00Z",
    "attachments": []
  },
  {
    "id": "C005",
    "studentId": 85,
    "studentName": "Kavya Nair",
    "title": "Library book unavailability",
    "category": "Library",
    "description": "The reference books for Digital Signal Processing are not available in the library. We need these books for our semester project and upcoming exams.",
    "status": "In-progress",
    "assignedTo": 23,
    "assignedFacultyName": "Dr. Pooja Agarwal",
    "reply": "I have forwarded your request to the library committee. New copies of the DSP reference books will be ordered and should arrive within a week.",
    "createdAt": "2024-01-12T16:45:00Z",
    "updatedAt": "2024-01-13T10:20:00Z",
    "attachments": []
  },
  {
    "id": "C006",
    "studentId": 94,
    "studentName": "Chetan Reddy",
    "title": "Bus service timing issues",
    "category": "Transport",
    "description": "The college bus from Puducherry main bus stand is frequently late by 15-20 minutes, causing students to miss their first period classes.",
    "status": "Pending",
    "assignedTo": null,
    "assignedFacultyName": null,
    "reply": "",
    "createdAt": "2024-01-17T07:30:00Z",
    "updatedAt": "2024-01-17T07:30:00Z",
    "attachments": []
  },
  {
    "id": "C007",
    "studentId": 76,
    "studentName": "Karan Reddy",
    "title": "Canteen food quality concern",
    "category": "Facility",
    "description": "The food quality in the main canteen has deteriorated recently. Many students have complained about the taste and hygiene standards.",
    "status": "In-progress",
    "assignedTo": 1,
    "assignedFacultyName": "Dr. Rajesh Kumar",
    "reply": "We are conducting a thorough inspection of the canteen facilities and will implement necessary improvements. A meeting with the canteen contractor is scheduled.",
    "createdAt": "2024-01-11T12:00:00Z",
    "updatedAt": "2024-01-12T14:30:00Z",
    "attachments": []
  },
  {
    "id": "C008",
    "studentId": 88,
    "studentName": "Pranav Gupta",
    "title": "Semester fee payment portal error",
    "category": "Administrative",
    "description": "The online fee payment portal is showing an error when trying to pay semester fees. The transaction fails at the final step.",
    "status": "Resolved",
    "assignedTo": 2,
    "assignedFacultyName": "Dr. Priya Sharma",
    "reply": "The payment portal issue has been resolved. The technical team has fixed the gateway problem. You can now proceed with your fee payment.",
    "createdAt": "2024-01-10T09:20:00Z",
    "updatedAt": "2024-01-11T11:45:00Z",
    "attachments": []
  },
  {
    "id": "C009",
    "studentId": 105,
    "studentName": "Deepika Reddy",
    "title": "Classroom projector not functioning",
    "category": "Technical",
    "description": "The projector in Mechanical Engineering classroom ME-101 is not working. This is affecting our theory classes and presentations.",
    "status": "Pending",
    "assignedTo": null,
    "assignedFacultyName": null,
    "reply": "",
    "createdAt": "2024-01-18T11:15:00Z",
    "updatedAt": "2024-01-18T11:15:00Z",
    "attachments": []
  },
  {
    "id": "C010",
    "studentId": 79,
    "studentName": "Priya Joshi",
    "title": "Scholarship application status inquiry",
    "category": "Administrative",
    "description": "I submitted my merit scholarship application 3 weeks ago but haven't received any update on the status. Please provide information about the application process.",
    "status": "In-progress",
    "assignedTo": 3,
    "assignedFacultyName": "Dr. Suresh Babu",
    "reply": "Your scholarship application is under review by the scholarship committee. You will receive an update within the next 5 working days.",
    "createdAt": "2024-01-09T14:30:00Z",
    "updatedAt": "2024-01-10T16:20:00Z",
    "attachments": []
  },
  {
    "id": "C011",
    "studentId": 92,
    "studentName": "Abhishek Kumar",
    "title": "Power supply issues in EEE lab",
    "category": "Technical",
    "description": "There are frequent power fluctuations in the Electrical Engineering lab which is damaging sensitive equipment and interrupting practical sessions.",
    "status": "Pending",
    "assignedTo": null,
    "assignedFacultyName": null,
    "reply": "",
    "createdAt": "2024-01-19T10:45:00Z",
    "updatedAt": "2024-01-19T10:45:00Z",
    "attachments": []
  },
  {
    "id": "C012",
    "studentId": 113,
    "studentName": "Bhumi Nair",
    "title": "Sports facility maintenance required",
    "category": "Facility",
    "description": "The basketball court surface is damaged and needs repair. The court lines are also faded and need repainting for proper gameplay.",
    "status": "In-progress",
    "assignedTo": 8,
    "assignedFacultyName": "Dr. Meera Nair",
    "reply": "The sports committee has approved the maintenance work. The basketball court renovation will begin next week during the semester break.",
    "createdAt": "2024-01-08T15:20:00Z",
    "updatedAt": "2024-01-09T12:10:00Z",
    "attachments": []
  },
  {
    "id": "C013",
    "studentId": 122,
    "studentName": "Aditya Patel",
    "title": "Internet connectivity in IT lab",
    "category": "Technical",
    "description": "The internet connection in the IT lab is very slow, making it difficult to complete programming assignments that require online resources and cloud services.",
    "status": "Resolved",
    "assignedTo": 62,
    "assignedFacultyName": "Prof. Sanjay Kumar",
    "reply": "The network infrastructure has been upgraded with a new high-speed connection. The IT lab now has dedicated bandwidth for better performance.",
    "createdAt": "2024-01-07T13:40:00Z",
    "updatedAt": "2024-01-08T09:30:00Z",
    "attachments": []
  },
  {
    "id": "C014",
    "studentId": 87,
    "studentName": "Nisha Sharma",
    "title": "Attendance marking system error",
    "category": "Academic",
    "description": "The biometric attendance system is not working properly and is not recording attendance for some students, affecting our attendance percentage.",
    "status": "Pending",
    "assignedTo": null,
    "assignedFacultyName": null,
    "reply": "",
    "createdAt": "2024-01-20T08:00:00Z",
    "updatedAt": "2024-01-20T08:00:00Z",
    "attachments": []
  },
  {
    "id": "C015",
    "studentId": 108,
    "studentName": "Girish Kumar",
    "title": "Workshop equipment safety concern",
    "category": "Facility",
    "description": "Some of the machinery in the mechanical workshop lacks proper safety guards and warning signs, which poses a risk to students during practical sessions.",
    "status": "In-progress",
    "assignedTo": 42,
    "assignedFacultyName": "Prof. Rajesh Babu",
    "reply": "Safety inspection is being conducted by our technical team. All necessary safety measures and equipment will be installed before the next practical session.",
    "createdAt": "2024-01-06T11:25:00Z",
    "updatedAt": "2024-01-07T14:15:00Z",
    "attachments": []
  },
  {
    "id": "C016",
    "studentId": 96,
    "studentName": "Gaurav Singh",
    "title": "Placement cell information request",
    "category": "Administrative",
    "description": "I need information about upcoming placement drives and the registration process. The placement cell website doesn't have updated information.",
    "status": "Resolved",
    "assignedTo": 3,
    "assignedFacultyName": "Dr. Suresh Babu",
    "reply": "The placement schedule has been updated on the portal. Registration for upcoming drives is now open. Please check your student email for detailed information.",
    "createdAt": "2024-01-05T16:10:00Z",
    "updatedAt": "2024-01-06T10:45:00Z",
    "attachments": []
  },
  {
    "id": "C017",
    "studentId": 118,
    "studentName": "Harsh Singh",
    "title": "Parking space shortage",
    "category": "Facility",
    "description": "There is insufficient parking space for student vehicles, especially two-wheelers. Many students have to park outside the campus which is unsafe.",
    "status": "Pending",
    "assignedTo": null,
    "assignedFacultyName": null,
    "reply": "",
    "createdAt": "2024-01-21T07:45:00Z",
    "updatedAt": "2024-01-21T07:45:00Z",
    "attachments": []
  },
  {
    "id": "C018",
    "studentId": 81,
    "studentName": "Sneha Reddy",
    "title": "Exam hall seating arrangement issue",
    "category": "Academic",
    "description": "The seating arrangement in the main exam hall is too cramped, making it difficult for students to write comfortably during long duration exams.",
    "status": "In-progress",
    "assignedTo": 4,
    "assignedFacultyName": "Dr. Venkatesh Raman",
    "reply": "We are reviewing the seating arrangement and will implement a more comfortable layout for the upcoming semester exams. Additional exam halls will also be utilized.",
    "createdAt": "2024-01-04T12:30:00Z",
    "updatedAt": "2024-01-05T15:20:00Z",
    "attachments": []
  },
  {
    "id": "C019",
    "studentId": 125,
    "studentName": "Disha Nair",
    "title": "Hostel mess timing inconvenience",
    "category": "Hostel",
    "description": "The hostel mess closes too early in the evening, making it difficult for students who have late classes or lab sessions to have dinner.",
    "status": "Resolved",
    "assignedTo": 1,
    "assignedFacultyName": "Dr. Rajesh Kumar",
    "reply": "The mess timing has been extended by one hour. Dinner will now be served until 9:30 PM to accommodate students with late schedules.",
    "createdAt": "2024-01-03T18:15:00Z",
    "updatedAt": "2024-01-04T11:00:00Z",
    "attachments": []
  },
  {
    "id": "C020",
    "studentId": 100,
    "studentName": "Karthik Nair",
    "title": "Laboratory safety equipment missing",
    "category": "Facility",
    "description": "The electrical engineering lab is missing essential safety equipment like fire extinguishers and first aid kits, which is a serious safety concern.",
    "status": "Pending",
    "assignedTo": null,
    "assignedFacultyName": null,
    "reply": "",
    "createdAt": "2024-01-22T09:20:00Z",
    "updatedAt": "2024-01-22T09:20:00Z",
    "attachments": []
  }
]